source,target,dist
CILRVIYNQGEKLIF;CASSAWSTGGLGNTIYF;TRAV26-2*01;TRAJ23*01;TRBV9*01;TRBJ1-3*01,CILRVIYNQGGKLIF;CASSAWSTGGLGNTIYF;TRAV26-2*01;TRAJ23*01;TRBV9*01;TRBJ1-3*01,12
CAIDNQAGTALIF;CSASAGTQETQYF;TRAV12-3*01;TRAJ15*01;TRBV29-1*01;TRBJ2-5*01,CAIDNQAGTALIF;CSVLGTEETQYF;TRAV12-3*01;TRAJ15*01;TRBV29-1*01;TRBJ2-5*01,42
CAIDNQAGTALIF;CSASAGTQETQYF;TRAV12-3*01;TRAJ15*01;TRBV29-1*01;TRBJ2-5*01,CAIDNQAGTALIF;CSVDEGANQETQYF;TRAV12-3*01;TRAJ15*01;TRBV29-1*01;TRBJ2-5*01,48
CAIDNQAGTALIF;CSVAGDGTDTQYF;TRAV12-3*01;TRAJ15*01;TRBV29-1*01;TRBJ2-3*01,CAIDNQAGTALIF;CSVAGGQGGETQYF;TRAV12-3*01;TRAJ15*01;TRBV29-1*01;TRBJ2-5*01,42
CAIDNQAGTALIF;CASSLGGVPEAFF;TRAV12-3*01;TRAJ15*01;TRBV5-1*01;TRBJ1-1*01,CAIDNQAGTALIF;CASSLTGGNTEAFF;TRAV12-3*01;TRAJ15*01;TRBV5-1*01;TRBJ1-1*01,36
CAIDNQAGTALIF;CASSLGGNEQFF;TRAV12-3*01;TRAJ15*01;TRBV7-9*01;TRBJ2-1*01,CAIDNQAGTALIF;CASSSTGDYNEQFF;TRAV12-3*01;TRAJ15*01;TRBV7-9*01;TRBJ2-1*01,48
CAIDNQAGTALIF;CASSGDSGNQPQHF;TRAV12-3*01;TRAJ15*01;TRBV12-3*01;TRBJ1-5*01,CAIDNQAGTALIF;CASSTGTVNQPQHF;TRAV12-3*01;TRAJ15*01;TRBV12-3*01;TRBJ1-5*01,45
CAIDNQAGTALIF;CASSLRGRQGEAFF;TRAV12-3*01;TRAJ15*01;TRBV12-3*01;TRBJ1-1*01,CAIDNQAGTALIF;CASSLRGTGELFF;TRAV12-3*01;TRAJ15*01;TRBV12-3*01;TRBJ2-2*01,36
CAIDNQAGTALIF;CASSFGEYEQFF;TRAV12-3*01;TRAJ15*01;TRBV12-3*01;TRBJ2-1*01,CAIDNQAGTALIF;CASSPPSGTYEQYF;TRAV12-3*01;TRAJ15*01;TRBV12-3*01;TRBJ2-7*01,48
CAMKPDSNYQLIW;CASSFWGQVDQPQHF;TRAV14/DV4*01;TRAJ33*01;TRBV7-8*01;TRBJ1-5*01,CAMKPDSNYQLIW;CASSLWGQVDQPQHF;TRAV14/DV4*01;TRAJ33*01;TRBV7-8*01;TRBJ1-5*01,12
CAMTLDTGRRALTF;CASSFGGRGGTDTQYF;TRAV14/DV4*01;TRAJ5*01;TRBV11-2*01;TRBJ2-3*01,CAMTLDTGRRALTF;CASSSSGRGGRETQYF;TRAV14/DV4*01;TRAJ5*01;TRBV11-2*01;TRBJ2-5*01,42
CAMREGNNNARLMF;CASSVGWGNAGELFF;TRAV14/DV4*01;TRAJ31*01;TRBV9*01;TRBJ2-2*01,CAMREGNNNARLMF;CASSVGWGNSGELFF;TRAV14/DV4*01;TRAJ31*01;TRBV9*01;TRBJ2-2*01,9
CAMREGRSGAGSYQLTF;CASSETGSPYEQYF;TRAV14/DV4*01;TRAJ28*01;TRBV5-6*01;TRBJ2-7*01,CAMREGRSGAGSYQLTF;CASSLTGSPYEQYF;TRAV14/DV4*01;TRAJ28*01;TRBV5-6*01;TRBJ2-7*01,12
CAMREGRSGAGSYQLTF;CASSETGSPYEQYF;TRAV14/DV4*01;TRAJ28*01;TRBV5-6*01;TRBJ2-7*01,CAMREGRSGAGSYQLTF;CASSLTGAPYEQYF;TRAV14/DV4*01;TRAJ28*01;TRBV5-6*01;TRBJ2-7*01,21
CAMREGRSGAGSYQLTF;CASSLTGAPYEQYF;TRAV14/DV4*01;TRAJ28*01;TRBV5-6*01;TRBJ2-7*01,CAMREGRSGAGSYQLTF;CASSLTGSPYEQYF;TRAV14/DV4*01;TRAJ28*01;TRBV5-6*01;TRBJ2-7*01,9
CAMREGDGGYNKLIF;CASSPGLAGGPDTGELFF;TRAV14/DV4*01;TRAJ4*01;TRBV7-7*01;TRBJ2-2*01,CAMREGDGGYNKLIF;CASSPGLAGGPETGELFF;TRAV14/DV4*01;TRAJ4*01;TRBV7-7*01;TRBJ2-2*01,6
CAMSDIGSAAAGGFKTIF;CASSPFDGNEQYF;TRAV12-3*01;TRAJ9*01;TRBV5-4*01;TRBJ2-7*01,CAMSDIGSAAGGFKTIF;CASSPFDGNEQYF;TRAV12-3*01;TRAJ9*01;TRBV5-4*01;TRBJ2-7*01,12
CAMSATSSASKIIF;CSVLGGRNTEAFF;TRAV12-3*01;TRAJ3*01;TRBV29-1*01;TRBJ1-1*01,CAMSATSSASKIIF;CSVVRGGTEAFF;TRAV12-3*01;TRAJ3*01;TRBV29-1*01;TRBJ1-1*01,45
CAESPMDSNYQLIW;CASSQVAGTGGYEQYF;TRAV5*01;TRAJ33*01;TRBV4-1*01;TRBJ2-7*01,CAETPMDSNYQLIW;CASSQVSGTGGYEQYF;TRAV5*01;TRAJ33*01;TRBV4-1*01;TRBJ2-7*01,18
CAESDNYGQNFVF;CASSLRGGDYEQYF;TRAV13-2*01;TRAJ26*01;TRBV5-1*01;TRBJ2-7*01,CAETDNYGQNFVF;CASSLRGQDYEQYF;TRAV13-2*01;TRAJ26*01;TRBV5-1*01;TRBJ2-7*01,21
CAEMNSGYSTLTF;CASSQEGMGAYEQFF;TRAV13-2*01;TRAJ11*01;TRBV4-1*01;TRBJ2-1*01,CAENQDSGYSTLTF;CASSQEGAGAYEQYF;TRAV13-2*01;TRAJ11*01;TRBV4-1*01;TRBJ2-7*01,48
CAASKADSWGKLQF;CASSMGLPNQPQHF;TRAV23/DV6*01;TRAJ24*01;TRBV19*01;TRBJ1-5*01,CAASTSVDSWGKLQF;CASSLGLPNQPQHF;TRAV23/DV6*01;TRAJ24*01;TRBV19*01;TRBJ1-5*01,39
CAASNDYKLSF;CASSLGYPNQPQHF;TRAV29/DV5*01;TRAJ20*01;TRBV7-9*01;TRBJ1-5*01,CAASNDYKLSF;CASSSGKGGNQPQHF;TRAV29/DV5*01;TRAJ20*01;TRBV7-9*01;TRBJ1-5*01,48
CAASDYKLSF;CASSFWGQVDQPQHF;TRAV13-1*01;TRAJ20*01;TRBV7-8*01;TRBJ1-5*01,CAASDYKLSF;CASSLWGQVDQPQHF;TRAV13-1*01;TRAJ20*01;TRBV7-8*01;TRBJ1-5*01,12
CAASEGYALNF;CASSYSGTGNTGELFF;TRAV13-1*01;TRAJ41*01;TRBV6-5*01;TRBJ2-2*01,CAASEGYKLSF;CASSYSGTGNTGELFF;TRAV13-1*01;TRAJ20*01;TRBV6-5*01;TRBJ2-2*01,12
CAASWAGKSTF;CSASAGTQETQYF;TRAV29/DV5*01;TRAJ27*01;TRBV29-1*01;TRBJ2-5*01,CAASWAGKSTF;CSVLGTEETQYF;TRAV29/DV5*01;TRAJ27*01;TRBV29-1*01;TRBJ2-5*01,42
CAASWAGKSTF;CASSLRGRQGEAFF;TRAV29/DV5*01;TRAJ27*01;TRBV12-3*01;TRBJ1-1*01,CAASWAGKSTF;CASSLRGTGELFF;TRAV29/DV5*01;TRAJ27*01;TRBV12-3*01;TRBJ2-2*01,36
CAARGSNTGKLIF;CASSSTSGQETQYF;TRAV29/DV5*01;TRAJ37*01;TRBV7-8*01;TRBJ2-5*01,CAARSSNTGKLIF;CASSSSSGQETQYF;TRAV29/DV5*01;TRAJ37*01;TRBV7-8*01;TRBJ2-5*01,21
CAALTDKLIF;CASSLAGGHTEAFF;TRAV13-1*01;TRAJ34*01;TRBV7-9*01;TRBJ1-1*01,CATLTDKLIF;CASSLAGGHTEAFF;TRAV13-1*01;TRAJ34*01;TRBV7-9*01;TRBJ1-1*01,0
CAGEEQAGTALIF;CSARSTNNQPQHF;TRAV27*01;TRAJ15*01;TRBV20-1*01;TRBJ1-5*01,CAGEEQAGTALIF;CSGKQASNQPQHF;TRAV27*01;TRAJ15*01;TRBV20-1*01;TRBJ1-5*01,39
CAGATMDSSYKLIF;CSTRAGGPGDTQYF;TRAV14/DV4*01;TRAJ12*01;TRBV20-1*01;TRBJ2-3*01,CAGATMDSSYKLIF;CSTVRGGHPTDTQYF;TRAV14/DV4*01;TRAJ12*01;TRBV20-1*01;TRBJ2-3*01,48
CAGATMDSSYKLIF;CSAGQGKNGELFF;TRAV14/DV4*01;TRAJ12*01;TRBV29-1*01;TRBJ2-2*01,CAGATMDSSYKLIF;CSVDRGLPGELFF;TRAV14/DV4*01;TRAJ12*01;TRBV29-1*01;TRBJ2-2*01,45
CAGATMDSSYKLIF;CSGGGADIFYNEQFF;TRAV14/DV4*01;TRAJ12*01;TRBV29-1*01;TRBJ2-1*01,CAGATMDSSYKLIF;CSVGVAARYNEQFF;TRAV14/DV4*01;TRAJ12*01;TRBV29-1*01;TRBJ2-1*01,48
CAGATMDSSYKLIF;CSVGWVGDTQYF;TRAV14/DV4*01;TRAJ12*01;TRBV29-1*01;TRBJ2-3*01,CAGATMDSSYKLIF;CSVQGSTDTQYF;TRAV14/DV4*01;TRAJ12*01;TRBV29-1*01;TRBJ2-3*01,48
CAGATMDSSYKLIF;CSVDPGEETQYF;TRAV14/DV4*01;TRAJ12*01;TRBV29-1*01;TRBJ2-5*01,CAGATMDSSYKLIF;CSVDVAVKETQYF;TRAV14/DV4*01;TRAJ12*01;TRBV29-1*01;TRBJ2-5*01,45
CAGATMDSSYKLIF;CSVQGSTDTQYF;TRAV14/DV4*01;TRAJ12*01;TRBV29-1*01;TRBJ2-3*01,CAGATMDSSYKLIF;CSVQSSGNEQYF;TRAV14/DV4*01;TRAJ12*01;TRBV29-1*01;TRBJ2-7*01,45
CAGATMDSSYKLIF;CSVQSSGNEQYF;TRAV14/DV4*01;TRAJ12*01;TRBV29-1*01;TRBJ2-7*01,CAGATMDSSYKLIF;CSVWGNEQFF;TRAV14/DV4*01;TRAJ12*01;TRBV29-1*01;TRBJ2-1*01,48
CAGATMDSSYKLIF;CSVEGTRNEQFF;TRAV14/DV4*01;TRAJ12*01;TRBV29-1*01;TRBJ2-1*01,CAGATMDSSYKLIF;CSVQGSTDTQYF;TRAV14/DV4*01;TRAJ12*01;TRBV29-1*01;TRBJ2-3*01,48
CAGATMDSSYKLIF;CSVEGTRNEQFF;TRAV14/DV4*01;TRAJ12*01;TRBV29-1*01;TRBJ2-1*01,CAGATMDSSYKLIF;CSVQSSGNEQYF;TRAV14/DV4*01;TRAJ12*01;TRBV29-1*01;TRBJ2-7*01,39
CAGATMDSSYKLIF;CSVEGTRNEQFF;TRAV14/DV4*01;TRAJ12*01;TRBV29-1*01;TRBJ2-1*01,CAGATMDSSYKLIF;CSVWGNEQFF;TRAV14/DV4*01;TRAJ12*01;TRBV29-1*01;TRBJ2-1*01,36
CAGATMDSSYKLIF;CSVDRYEQFF;TRAV14/DV4*01;TRAJ12*01;TRBV29-1*01;TRBJ2-1*01,CAGATMDSSYKLIF;CSVWGNEQFF;TRAV14/DV4*01;TRAJ12*01;TRBV29-1*01;TRBJ2-1*01,36
CAGATMDSSYKLIF;CSARRAGVVTDTQYF;TRAV14/DV4*01;TRAJ12*01;TRBV20-1*01;TRBJ2-3*01,CAGATMDSSYKLIF;CSTVRGGHPTDTQYF;TRAV14/DV4*01;TRAJ12*01;TRBV20-1*01;TRBJ2-3*01,48
CAGATMDSSYKLIF;CSAPMTSGTDTQYF;TRAV14/DV4*01;TRAJ12*01;TRBV20-1*01;TRBJ2-3*01,CAGATMDSSYKLIF;CSARPTSGDTDTQYF;TRAV14/DV4*01;TRAJ12*01;TRBV20-1*01;TRBJ2-3*01,36
CAGATMDSSYKLIF;CASSPTGGAETQYF;TRAV14/DV4*01;TRAJ12*01;TRBV12-3*01;TRBJ2-5*01,CAGATMDSSYKLIF;CASSPTGLDEQFF;TRAV14/DV4*01;TRAJ12*01;TRBV12-3*01;TRBJ2-1*01,42
CAGATMDSSYKLIF;CASSPGGGAYEQYF;TRAV14/DV4*01;TRAJ12*01;TRBV12-3*01;TRBJ2-7*01,CAGATMDSSYKLIF;CASSPTGGAETQYF;TRAV14/DV4*01;TRAJ12*01;TRBV12-3*01;TRBJ2-5*01,36
CAGATMDSSYKLIF;CASSPGGGAYEQYF;TRAV14/DV4*01;TRAJ12*01;TRBV12-3*01;TRBJ2-7*01,CAGATMDSSYKLIF;CASSPTGLDEQFF;TRAV14/DV4*01;TRAJ12*01;TRBV12-3*01;TRBJ2-1*01,48
CAGATMDSSYKLIF;CASSPTGLDEQFF;TRAV14/DV4*01;TRAJ12*01;TRBV12-3*01;TRBJ2-1*01,CAGATMDSSYKLIF;CASSRTDTQYF;TRAV14/DV4*01;TRAJ12*01;TRBV12-3*01;TRBJ2-3*01,48
CAGATMDSSYKLIF;CASSPTGLDEQFF;TRAV14/DV4*01;TRAJ12*01;TRBV12-3*01;TRBJ2-1*01,CAGATMDSSYKLIF;CASSSTGVGIQYF;TRAV14/DV4*01;TRAJ12*01;TRBV12-3*01;TRBJ2-4*01,45
CAGATMDSSYKLIF;CASSLRRGQPQHF;TRAV14/DV4*01;TRAJ12*01;TRBV12-3*01;TRBJ1-5*01,CAGATMDSSYKLIF;CASSSGGNQPQHF;TRAV14/DV4*01;TRAJ12*01;TRBV12-3*01;TRBJ1-5*01,48
CAGATMDSSYKLIF;CASSSGGNQPQHF;TRAV14/DV4*01;TRAJ12*01;TRBV12-3*01;TRBJ1-5*01,CAGATMDSSYKLIF;CASSSTGVGIQYF;TRAV14/DV4*01;TRAJ12*01;TRBV12-3*01;TRBJ2-4*01,48
CAGATMDSSYKLIF;CASSLKSGLEQYV;TRAV14/DV4*01;TRAJ12*01;TRBV7-2*01;TRBJ2-7*01,CAGATMDSSYKLIF;CASSLRTGPYEQYV;TRAV14/DV4*01;TRAJ12*01;TRBV7-2*01;TRBJ2-7*01,39
CAGATMDSSYKLIF;CASRKDRDYNEQFF;TRAV14/DV4*01;TRAJ12*01;TRBV12-3*01;TRBJ2-1*01,CAGATMDSSYKLIF;CASRTSGAYNEQFF;TRAV14/DV4*01;TRAJ12*01;TRBV12-3*01;TRBJ2-1*01,48
CAGATMDSSYKLIF;CASRTGTGGYYEQYF;TRAV14/DV4*01;TRAJ12*01;TRBV12-3*01;TRBJ2-7*01,CAGATMDSSYKLIF;CASSPGGGAYEQYF;TRAV14/DV4*01;TRAJ12*01;TRBV12-3*01;TRBJ2-7*01,48
CAGATMDSSYKLIF;CASRTGTGGYYEQYF;TRAV14/DV4*01;TRAJ12*01;TRBV12-3*01;TRBJ2-7*01,CAGATMDSSYKLIF;CASRTSGAYNEQFF;TRAV14/DV4*01;TRAJ12*01;TRBV12-3*01;TRBJ2-1*01,45
CAGLSAGGTSYGKLTF;CASSFLGGGTEAFF;TRAV27*01;TRAJ52*01;TRBV28*01;TRBJ1-1*01,CAGLSAGGTSYGKLTF;CASSYLGGGTEAFF;TRAV27*01;TRAJ52*01;TRBV28*01;TRBJ1-1*01,3
CAAPLIKAAGNKLTF;CASSYGWDRASYEQYF;TRAV8-1*01;TRAJ17*01;TRBV6-2*01;TRBJ2-7*01,CAVPMIKAAGNKLTF;CASSYGWTVPSYEQYF;TRAV8-1*01;TRAJ17*01;TRBV6-2*01;TRBJ2-7*01,42
CAGSNDYKLSF;CASSSVIPGTDTQYF;TRAV8-3*01;TRAJ20*01;TRBV7-9*01;TRBJ2-3*01,CASSNDYKLSF;CASSLVVPGLDEQFF;TRAV8-3*01;TRAJ20*01;TRBV7-9*01;TRBJ2-1*01,39
CAVTRNSGYALNF;CASASRGGETQYF;TRAV8-1*01;TRAJ41*01;TRBV19*01;TRBJ2-5*01,CAVTRNSGYALNF;CASSQRGGETQYF;TRAV8-1*01;TRAJ41*01;TRBV19*01;TRBJ2-5*01,21
CAVDMGRDDKIIF;CASSGGLAGYYNEQFF;TRAV39*01;TRAJ30*01;TRBV19*01;TRBJ2-1*01,CAVDRGDDKIIF;CASSGGVAGYYNEQFF;TRAV39*01;TRAJ30*01;TRBV19*01;TRBJ2-1*01,33
CAVGDDYKLSF;CSARIDRGLYGYTF;TRAV12-2*01;TRAJ20*01;TRBV20-1*01;TRBJ1-2*01,CAVGDDYKLSF;CSARVDGQGRYGYTF;TRAV12-2*01;TRAJ20*01;TRBV20-1*01;TRBJ1-2*01,36
CATSDIYNQGGKLIF;CASRLAGEETQYF;TRAV17*01;TRAJ23*01;TRBV2*01;TRBJ2-5*01,CATSDIYNQGGKLIF;CASRTSGGETQYF;TRAV17*01;TRAJ23*01;TRBV2*01;TRBJ2-5*01,33
CATAETSGSRLTF;CSASKRGGIYEQYF;TRAV17*01;TRAJ58*01;TRBV20-1*01;TRBJ2-7*01,CATAETSGSRLTF;CSASKRGGTYEQYF;TRAV17*01;TRAJ58*01;TRBV20-1*01;TRBJ2-7*01,12
CAPMDSNYQLIW;CSARDLAGHEQYF;TRAV1-2*01;TRAJ33*01;TRBV20-1*01;TRBJ2-7*01,CAVLDSNYQLIW;CSARDDRGREQYF;TRAV1-2*01;TRAJ33*01;TRBV20-1*01;TRBJ2-7*01,42
CAPMDSNYQLIW;CASSDSGLDTGELFF;TRAV1-2*01;TRAJ33*01;TRBV6-4*01;TRBJ2-2*01,CAVGDSNYQLIW;CASSGTGDTGELFF;TRAV1-2*01;TRAJ33*01;TRBV6-4*01;TRBJ2-2*01,45
CALTSNTGKLIF;CASSTPAGGRVENEQFF;TRAV19*01;TRAJ37*01;TRBV7-2*01;TRBJ2-1*01,CALTSNTGKLIF;CASSTPAGGRVGNEQFF;TRAV19*01;TRAJ37*01;TRBV7-2*01;TRBJ2-1*01,12
CALGRGGSQGNLIF;CASSLDGPTDTQYF;TRAV9-2*01;TRAJ42*01;TRBV7-2*01;TRBJ2-3*01,CALSRGGSQGNLIF;CASSLDGPTDTQYF;TRAV9-2*01;TRAJ42*01;TRBV7-2*01;TRBJ2-3*01,12
CAAMDSNYQLIW;CASSEATGGTDTQYF;TRAV1-2*01;TRAJ33*01;TRBV6-1*01;TRBJ2-3*01,CAVKDSNYQLIW;CASSKAGGPDTQYF;TRAV1-2*01;TRAJ33*01;TRBV6-1*01;TRBJ2-3*01,45
CAAMDSNYQLIW;CASSEGQGASTDTQYF;TRAV1-2*01;TRAJ33*01;TRBV6-4*01;TRBJ2-3*01,CAGMDSNYQLIW;CASSAGTSTDTQYF;TRAV1-2*01;TRAJ33*01;TRBV6-4*01;TRBJ2-3*01,48
CAATNDYKLSF;CASSLVVPGRDEQFF;TRAV8-3*01;TRAJ20*01;TRBV7-9*01;TRBJ2-1*01,CAGSNDYKLSF;CASSSVIPGTDTQYF;TRAV8-3*01;TRAJ20*01;TRBV7-9*01;TRBJ2-3*01,48
CAATNDYKLSF;CASSLVVPGRDEQFF;TRAV8-3*01;TRAJ20*01;TRBV7-9*01;TRBJ2-1*01,CAVTNDYKLSF;CASSLVSGGEDEQYF;TRAV8-3*01;TRAJ20*01;TRBV7-9*01;TRBJ2-7*01,36
CAATNDYKLSF;CASSLVVPGRDEQFF;TRAV8-3*01;TRAJ20*01;TRBV7-9*01;TRBJ2-1*01,CASSNDYKLSF;CASSLVVPGLDEQFF;TRAV8-3*01;TRAJ20*01;TRBV7-9*01;TRBJ2-1*01,21
CAGMDSNYQLIW;CASSEAGGTGANVLTF;TRAV1-2*01;TRAJ33*01;TRBV6-1*01;TRBJ2-6*01,CAVVDSNYQLIW;CASSEAGVSGANVLTF;TRAV1-2*01;TRAJ33*01;TRBV6-1*01;TRBJ2-6*01,30
CAVTNDYKLSF;CSALELAGGLNEQFF;TRAV21*01;TRAJ20*01;TRBV29-1*01;TRBJ2-1*01,CAVTNDYKLSF;CSVAVLAGVNEQFF;TRAV21*01;TRAJ20*01;TRBV29-1*01;TRBJ2-1*01,45
CAVTNDYKLSF;CSGRGRGNYEQYF;TRAV21*01;TRAJ20*01;TRBV29-1*01;TRBJ2-7*01,CAVTNDYKLSF;CSVTGVNSYEQYF;TRAV21*01;TRAJ20*01;TRBV29-1*01;TRBJ2-7*01,45
CAVTNDYKLSF;CSGRGRGNYEQYF;TRAV21*01;TRAJ20*01;TRBV29-1*01;TRBJ2-7*01,CAVTNDYKLSF;CSVRGRETEAFF;TRAV21*01;TRAJ20*01;TRBV29-1*01;TRBJ1-1*01,48
CAVTNDYKLSF;CSVEEGRAHEQFF;TRAV21*01;TRAJ20*01;TRBV29-1*01;TRBJ2-1*01,CAVTNDYKLSF;CSVEVGSNEQFF;TRAV21*01;TRAJ20*01;TRBV29-1*01;TRBJ2-1*01,42
CAVTNDYKLSF;CSVEDPSGRADEQFF;TRAV21*01;TRAJ20*01;TRBV29-1*01;TRBJ2-1*01,CAVTNDYKLSF;CSVEEGRAHEQFF;TRAV21*01;TRAJ20*01;TRBV29-1*01;TRBJ2-1*01,42
CAVTNDYKLSF;CSVEYTDTQYF;TRAV21*01;TRAJ20*01;TRBV29-1*01;TRBJ2-3*01,CAVTNDYKLSF;CSVVLDEQYF;TRAV21*01;TRAJ20*01;TRBV29-1*01;TRBJ2-7*01,48
CAVTNDYKLSF;CSVDTGGTEAFF;TRAV21*01;TRAJ20*01;TRBV29-1*01;TRBJ1-1*01,CAVTNDYKLSF;CSVRGRETEAFF;TRAV21*01;TRAJ20*01;TRBV29-1*01;TRBJ1-1*01,48
CAVTNDYKLSF;CSVAVLAGVNEQFF;TRAV21*01;TRAJ20*01;TRBV29-1*01;TRBJ2-1*01,CAVTNDYKLSF;CSVEVGSNEQFF;TRAV21*01;TRAJ20*01;TRBV29-1*01;TRBJ2-1*01,48
CAVTNDYKLSF;CSVAASSYEQYF;TRAV21*01;TRAJ20*01;TRBV29-1*01;TRBJ2-7*01,CAVTNDYKLSF;CSVTGVNSYEQYF;TRAV21*01;TRAJ20*01;TRBV29-1*01;TRBJ2-7*01,45
CAVTNDYKLSF;CSVAASSYEQYF;TRAV21*01;TRAJ20*01;TRBV29-1*01;TRBJ2-7*01,CAVTNDYKLSF;CSVEVGSNEQFF;TRAV21*01;TRAJ20*01;TRBV29-1*01;TRBJ2-1*01,48
CAVTNDYKLSF;CASSQTGGFYEQYF;TRAV21*01;TRAJ20*01;TRBV4-1*01;TRBJ2-7*01,CAVTNDYKLSF;CASSQVGGNYEQYF;TRAV21*01;TRAJ20*01;TRBV4-1*01;TRBJ2-7*01,24
CAVTNDYKLSF;CASSSDYHEQYF;TRAV21*01;TRAJ20*01;TRBV7-9*01;TRBJ2-7*01,CAVTNDYKLSF;CASSSPNYYEQYF;TRAV21*01;TRAJ20*01;TRBV7-9*01;TRBJ2-7*01,27
CAVRWRTASKLTF;CASSTPAGGRVENEQFF;TRAV41*01;TRAJ44*01;TRBV7-2*01;TRBJ2-1*01,CAVRWRTASKLTF;CASSTPAGGRVGNEQFF;TRAV41*01;TRAJ44*01;TRBV7-2*01;TRBJ2-1*01,12
CAVSNTGNQFYF;CASSLRGMDYEQYF;TRAV41*01;TRAJ49*01;TRBV5-5*01;TRBJ2-7*01,CAVSRTGNQFYF;CASSLRGADYEQYF;TRAV41*01;TRAJ49*01;TRBV5-5*01;TRBJ2-7*01,24
CAVSNTGNQFYF;CASSLRGMDYEQYF;TRAV41*01;TRAJ49*01;TRBV5-5*01;TRBJ2-7*01,CAVSRTGNQFYF;CASSLRGMDYEQYF;TRAV41*01;TRAJ49*01;TRBV5-5*01;TRBJ2-7*01,12
CAVSNTGNQFYF;CASSLRGMDYEQYF;TRAV41*01;TRAJ49*01;TRBV5-5*01;TRBJ2-7*01,CAVSNTGNQFYF;CASSRRGTDYEQYF;TRAV41*01;TRAJ49*01;TRBV5-5*01;TRBJ2-7*01,24
CAVSNTGNQFYF;CASSLRGMDYEQYF;TRAV41*01;TRAJ49*01;TRBV5-5*01;TRBJ2-7*01,CAVTNTGNQFYF;CASSLRGTDYEQYF;TRAV41*01;TRAJ49*01;TRBV5-5*01;TRBJ2-7*01,21
CAVSNTGNQFYF;CASSLRGMDYEQYF;TRAV41*01;TRAJ49*01;TRBV5-5*01;TRBJ2-7*01,CAVSNTGNQFYF;CASSLRGTDYEQYF;TRAV41*01;TRAJ49*01;TRBV5-5*01;TRBJ2-7*01,12
CAVSRTGNQFYF;CASSLRGADYEQYF;TRAV41*01;TRAJ49*01;TRBV5-5*01;TRBJ2-7*01,CAVSRTGNQFYF;CASSLRGMDYEQYF;TRAV41*01;TRAJ49*01;TRBV5-5*01;TRBJ2-7*01,12
CAVSRTGNQFYF;CASSLRGADYEQYF;TRAV41*01;TRAJ49*01;TRBV5-5*01;TRBJ2-7*01,CAVTNTGNQFYF;CASSLRGTDYEQYF;TRAV41*01;TRAJ49*01;TRBV5-5*01;TRBJ2-7*01,33
CAVSRTGNQFYF;CASSLRGMDYEQYF;TRAV41*01;TRAJ49*01;TRBV5-5*01;TRBJ2-7*01,CAVTNTGNQFYF;CASSLRGTDYEQYF;TRAV41*01;TRAJ49*01;TRBV5-5*01;TRBJ2-7*01,33
CAVSNTGNQFYF;CASSRRGTDYEQYF;TRAV41*01;TRAJ49*01;TRBV5-5*01;TRBJ2-7*01,CAVSRTGNQFYF;CASSLRGADYEQYF;TRAV41*01;TRAJ49*01;TRBV5-5*01;TRBJ2-7*01,36
CAVSNTGNQFYF;CASSRRGTDYEQYF;TRAV41*01;TRAJ49*01;TRBV5-5*01;TRBJ2-7*01,CAVSRTGNQFYF;CASSLRGMDYEQYF;TRAV41*01;TRAJ49*01;TRBV5-5*01;TRBJ2-7*01,36
CAVSNTGNQFYF;CASSRRGTDYEQYF;TRAV41*01;TRAJ49*01;TRBV5-5*01;TRBJ2-7*01,CAVTNTGNQFYF;CASSLRGTDYEQYF;TRAV41*01;TRAJ49*01;TRBV5-5*01;TRBJ2-7*01,21
CAVKDSNYQLIW;CASSKAGGPDTQYF;TRAV1-2*01;TRAJ33*01;TRBV6-1*01;TRBJ2-3*01,CAVKDSSYKLIF;CASSEIAGGPDTQYF;TRAV1-2*01;TRAJ12*01;TRBV6-1*01;TRBJ2-3*01,39
CAVKGGFQKLVF;CASSSDTQYF;TRAV3*01;TRAJ8*01;TRBV13*01;TRBJ2-3*01,CAVKGGFQKLVF;CASSSEKLFF;TRAV3*01;TRAJ8*01;TRBV13*01;TRBJ1-4*01,30
CAVTSSGNTPLVF;CSVEQGIGGYTF;TRAV8-4*01;TRAJ29*01;TRBV29-1*01;TRBJ1-2*01,CAVTSSGNTPLVF;CSVEVGISGYTF;TRAV8-4*01;TRAJ29*01;TRBV29-1*01;TRBJ1-2*01,24
CAVRDGDYKLSF;CSAERNSYEQYF;TRAV1-2*01;TRAJ20*01;TRBV20-1*01;TRBJ2-7*01,CAVRDGDYKLSF;CSAREREYEQYF;TRAV1-2*01;TRAJ20*01;TRBV20-1*01;TRBJ2-7*01,48
CAVRGGNEKLTF;CSAVGLAYEQYF;TRAV8-6*01;TRAJ48*01;TRBV20-1*01;TRBJ2-7*01,CAVSGFGNEKLTF;CSSIGESYEQYF;TRAV8-6*01;TRAJ48*01;TRBV20-1*01;TRBJ2-7*01,48
CAVHTYSGGGADGLTF;CASSPSGMEQFF;TRAV20*01;TRAJ45*01;TRBV4-1*01;TRBJ2-1*01,CAVQSYSGGGADGLTF;CASSPTGSEQFF;TRAV20*01;TRAJ45*01;TRBV4-1*01;TRBJ2-1*01,42
CAVHTYSGGGADGLTF;CASSPSGMEQFF;TRAV20*01;TRAJ45*01;TRBV4-1*01;TRBJ2-1*01,CAVLTYSGGGADGLTF;CASSQTGGEQYF;TRAV20*01;TRAJ45*01;TRBV4-1*01;TRBJ2-7*01,45
CAVHTYSGGGADGLTF;CASSPSGMEQFF;TRAV20*01;TRAJ45*01;TRBV4-1*01;TRBJ2-1*01,CAVLTYSGGGADGLTF;CASSRSGTEQFF;TRAV20*01;TRAJ45*01;TRBV4-1*01;TRBJ2-1*01,36
CAVQGYSGGGADGLTF;CASSQTGNEQFF;TRAV20*01;TRAJ45*01;TRBV4-1*01;TRBJ2-1*01,CAVQTYSGGGADGLTF;CASSETGSVQFF;TRAV20*01;TRAJ45*01;TRBV4-1*01;TRBJ2-1*01,39
CAVQGYSGGGADGLTF;CASSQTGNEQFF;TRAV20*01;TRAJ45*01;TRBV4-1*01;TRBJ2-1*01,CAVQGYSGGGADGLTF;CASSRTGSEQFF;TRAV20*01;TRAJ45*01;TRBV4-1*01;TRBJ2-1*01,18
CAVQGYSGGGADGLTF;CASSQTGNEQFF;TRAV20*01;TRAJ45*01;TRBV4-1*01;TRBJ2-1*01,CAVQSYSGGGADGLTF;CASSPTGSEQFF;TRAV20*01;TRAJ45*01;TRBV4-1*01;TRBJ2-1*01,33
CAVQGYSGGGADGLTF;CASSRTGSEQFF;TRAV20*01;TRAJ45*01;TRBV4-1*01;TRBJ2-1*01,CAVQTYSGGGADGLTF;CASSETGSVQFF;TRAV20*01;TRAJ45*01;TRBV4-1*01;TRBJ2-1*01,36
CAVQGYSGGGADGLTF;CASSRTGSEQFF;TRAV20*01;TRAJ45*01;TRBV4-1*01;TRBJ2-1*01,CAVQSYSGGGADGLTF;CASSPTGSEQFF;TRAV20*01;TRAJ45*01;TRBV4-1*01;TRBJ2-1*01,24
CAVQSYSGGGADGLTF;CASSPTGSEQFF;TRAV20*01;TRAJ45*01;TRBV4-1*01;TRBJ2-1*01,CAVQTYSGGGADGLTF;CASSETGSVQFF;TRAV20*01;TRAJ45*01;TRBV4-1*01;TRBJ2-1*01,33
CAVLTYSGGGADGLTF;CASSQTGGEQYF;TRAV20*01;TRAJ45*01;TRBV4-1*01;TRBJ2-7*01,CAVQTYSGGGADGLTF;CASSETGSVQFF;TRAV20*01;TRAJ45*01;TRBV4-1*01;TRBJ2-1*01,42
CAVLTYSGGGADGLTF;CASSQTGGEQYF;TRAV20*01;TRAJ45*01;TRBV4-1*01;TRBJ2-7*01,CAVQGYSGGGADGLTF;CASSQTGNEQFF;TRAV20*01;TRAJ45*01;TRBV4-1*01;TRBJ2-1*01,36
CAVLTYSGGGADGLTF;CASSQTGGEQYF;TRAV20*01;TRAJ45*01;TRBV4-1*01;TRBJ2-7*01,CAVQGYSGGGADGLTF;CASSRTGSEQFF;TRAV20*01;TRAJ45*01;TRBV4-1*01;TRBJ2-1*01,45
CAVLTYSGGGADGLTF;CASSQTGGEQYF;TRAV20*01;TRAJ45*01;TRBV4-1*01;TRBJ2-7*01,CAVQSYSGGGADGLTF;CASSPTGSEQFF;TRAV20*01;TRAJ45*01;TRBV4-1*01;TRBJ2-1*01,45
CAVLTYSGGGADGLTF;CASSQTGGEQYF;TRAV20*01;TRAJ45*01;TRBV4-1*01;TRBJ2-7*01,CAVLTYSGGGADGLTF;CASSRSGTEQFF;TRAV20*01;TRAJ45*01;TRBV4-1*01;TRBJ2-1*01,30
CAVLTYSGGGADGLTF;CASSRSGTEQFF;TRAV20*01;TRAJ45*01;TRBV4-1*01;TRBJ2-1*01,CAVQGYSGGGADGLTF;CASSRTGSEQFF;TRAV20*01;TRAJ45*01;TRBV4-1*01;TRBJ2-1*01,42
CAVLDSNYQLIW;CASSEKGETEAFF;TRAV1-2*01;TRAJ33*01;TRBV6-1*01;TRBJ1-1*01,CAVLDSNYQLIW;CASSPQAGNTEAFF;TRAV1-2*01;TRAJ33*01;TRBV6-1*01;TRBJ1-1*01,45
CAVEDQDGGFKTIF;CSARQGNYEQYF;TRAV2*01;TRAJ9*01;TRBV20-1*01;TRBJ2-7*01,CAVEDQNGGFKTIF;CSARVGSYEQYF;TRAV2*01;TRAJ9*01;TRBV20-1*01;TRBJ2-7*01,30
CAVGDSNYQLIW;CASSDAGGTDTQYF;TRAV1-2*01;TRAJ33*01;TRBV6-4*01;TRBJ2-3*01,CAVKDSNYQLIW;CASSDLAGGTDTQYF;TRAV1-2*01;TRAJ33*01;TRBV6-4*01;TRBJ2-3*01,24
CAVGDSNYQLIW;CASSDAGGTDTQYF;TRAV1-2*01;TRAJ33*01;TRBV6-4*01;TRBJ2-3*01,CAVTDSNYQLIW;CASSGTSGTDTQYF;TRAV1-2*01;TRAJ33*01;TRBV6-4*01;TRBJ2-3*01,48
CAVGDSNYQLIW;CASSDAGGTDTQYF;TRAV1-2*01;TRAJ33*01;TRBV6-4*01;TRBJ2-3*01,CAVGDSNYQLIW;CASSDSSGGANTQYF;TRAV1-2*01;TRAJ33*01;TRBV6-4*01;TRBJ2-3*01,42
CAVGDSNYQLIW;CASSDSSGGANTQYF;TRAV1-2*01;TRAJ33*01;TRBV6-4*01;TRBJ2-3*01,CAVKDSSYKLIF;CASSDSSGGADTQYF;TRAV1-2*01;TRAJ12*01;TRBV6-4*01;TRBJ2-3*01,39
CAVGDSNYQLIW;CASSDSSGGANTQYF;TRAV1-2*01;TRAJ33*01;TRBV6-4*01;TRBJ2-3*01,CAVGDSNYQLIW;CASSESAGVSNEQFF;TRAV1-2*01;TRAJ33*01;TRBV6-4*01;TRBJ2-1*01,48
CAVSNTGNQFYF;CASSLRGTDYEQYF;TRAV41*01;TRAJ49*01;TRBV5-5*01;TRBJ2-7*01,CAVSRTGNQFYF;CASSLRGADYEQYF;TRAV41*01;TRAJ49*01;TRBV5-5*01;TRBJ2-7*01,24
CAVSNTGNQFYF;CASSLRGTDYEQYF;TRAV41*01;TRAJ49*01;TRBV5-5*01;TRBJ2-7*01,CAVSRTGNQFYF;CASSLRGMDYEQYF;TRAV41*01;TRAJ49*01;TRBV5-5*01;TRBJ2-7*01,24
CAVSNTGNQFYF;CASSLRGTDYEQYF;TRAV41*01;TRAJ49*01;TRBV5-5*01;TRBJ2-7*01,CAVSNTGNQFYF;CASSRRGTDYEQYF;TRAV41*01;TRAJ49*01;TRBV5-5*01;TRBJ2-7*01,12
CAVSNTGNQFYF;CASSLRGTDYEQYF;TRAV41*01;TRAJ49*01;TRBV5-5*01;TRBJ2-7*01,CAVTNTGNQFYF;CASSLRGTDYEQYF;TRAV41*01;TRAJ49*01;TRBV5-5*01;TRBJ2-7*01,9
CASSNDYKLSF;CASSLVVPGLDEQFF;TRAV8-3*01;TRAJ20*01;TRBV7-9*01;TRBJ2-1*01,CAVTNDYKLSF;CASSLVSGGEDEQYF;TRAV8-3*01;TRAJ20*01;TRBV7-9*01;TRBJ2-7*01,45
CAFMKLLYSGGGADGLTF;CASSLEGSKSEQYF;TRAV38-1*01;TRAJ45*01;TRBV13*01;TRBJ2-7*01,CAFMKSLYSGGGADGLTF;CASSLEGSSYEQYF;TRAV38-1*01;TRAJ45*01;TRBV13*01;TRBJ2-7*01,36
CGTEMENTDKLIF;CASSLGGSPYEQYF;TRAV30*01;TRAJ34*01;TRBV27*01;TRBJ2-7*01,CGTEMGNTDKLIF;CASSLGGSPYEQYF;TRAV30*01;TRAJ34*01;TRBV27*01;TRBJ2-7*01,12
CVVNDNYGQNFVF;CASSLEGAGSPLHF;TRAV12-1*01;TRAJ26*01;TRBV5-4*01;TRBJ1-6*01,CVVNDNYGQNFVF;CASSLEGSNSPLHF;TRAV12-1*01;TRAJ26*01;TRBV5-4*01;TRBJ1-6*01,21
CVVNSLQRGSYIPTF;CASSPDPPLGAFF;TRAV12-1*01;TRAJ6*01;TRBV28*01;TRBJ1-1*01,CVVNSLQRGSYIPTF;CASSPDPPPGAFF;TRAV12-1*01;TRAJ6*01;TRBV28*01;TRBJ1-1*01,12
CVVGRNTGGFKTIF;CASSDQGGHNEQFF;TRAV12-1*01;TRAJ9*01;TRBV6-4*01;TRBJ2-1*01,CVVTRNTGGFKTIF;CASSDIGGNNEQFF;TRAV12-1*01;TRAJ9*01;TRBV6-4*01;TRBJ2-1*01,33
